physical_p,unprotected_simulated,logical_simulated,unprotected_theory,logical_theory,improvement_factor,shots,unprot_se,logical_se
0.0,0.0,0.0,0.0,0.0,1.0,3000,0.0,0.0
0.01,0.011666666666666667,0.0,0.01,0.00029800000000000003,999.0,3000,0.0019604893569000878,0.0
0.03,0.030333333333333334,0.0026666666666666666,0.03,0.0026460000000000003,11.375,3000,0.0031311990366962314,0.0009415511236882033
0.05,0.04833333333333333,0.008666666666666666,0.05,0.007250000000000001,5.576923076923077,3000,0.003915661809631599,0.0016922918932181445
0.1,0.096,0.030666666666666665,0.1,0.028000000000000004,3.130434782608696,3000,0.005378475620470916,0.003147815232941848
0.15,0.14666666666666667,0.059666666666666666,0.15,0.060750000000000005,2.458100558659218,3000,0.006458987422074649,0.004324602315263819
0.2,0.19333333333333333,0.1,0.2,0.10400000000000002,1.9333333333333331,3000,0.00721007525516795,0.005477225575051661
0.25,0.24833333333333332,0.15766666666666668,0.25,0.15625,1.5750528541226214,3000,0.007888047685980119,0.006653517588185688
0.3,0.30266666666666664,0.21766666666666667,0.3,0.21600000000000003,1.3905053598774884,3000,0.00838768056051166,0.007534097797986806
0.35,0.3516666666666667,0.2796666666666667,0.35,0.28174999999999994,1.2574493444576877,3000,0.008717744781425646,0.008194575893484303
0.4,0.4056666666666667,0.354,0.4,0.3520000000000001,1.1459510357815443,3000,0.008964768489708704,0.008730864791073104
0.45,0.45766666666666667,0.42733333333333334,0.45,0.42525,1.0709828393135725,3000,0.009095931121274114,0.009031787485607994
0.5,0.508,0.5043333333333333,0.5,0.5,1.007270323859881,3000,0.009127540742171463,0.009128366451565914
